Academy,General Location,Specific Location,Observation
N/A,Cafeteria,Column,Below Average
Allied Health and Human Services Academy,Environmental Tech,Tank,Above Average
IT and Business Services Academy,Culinary Arts,Bakery sink,Below Average
IT and Business Services Academy,Hospitality Management,Bar table,Below Average
Allied Health and Human Services Academy,Cosmetology,Hair comb,Below Average
Coughlin Construction Academy,Plumbing,Handle,Average
Alden Academy,Advanced Manufacturing,Start button,Below Average
Coughlin Construction Academy,Carpentry,Hand saw,Average
Alden Academy,Auto Collision,Car hood,Below Average
Alden Academy,Welding,Gloves,None
Coughlin Construction Academy,Electrical,Ladder,Below Average
Coughlin Construction Academy,Painting & Design,Bench,Average
Allied Health and Human Services Academy,Allied Health,Pulse oxymeter,Below Average
Allied Health and Human Services Academy,Veterinary Assisting,Dog bowl,Above Average
N/A,First Floor Elevator,Button,Below Average
N/A,Water Fountain,N/A,Average
IT and Business Services Academy,Hospitality Management,Clean Class,Below Average
N/A,Front Door,Front Door,Average
N/A,First Floor Elevator,First Floor Elevator,Below Average
Allied Health and Human Services Academy,Cosmetology,Sink,Average
Coughlin Construction Academy,Plumbing,Pipes Head,Above Average
N/A,Water Fountain,Water Fountain,Below Average
Alden Academy,Welding,Helmet,Below Average
Allied Health and Human Services Academy,Allied Health,Sethoscope,Below Average
N/A,Cafeteria,Pin Pad,Below Average
Allied Health and Human Services Academy,Early Childhood,Clean Tables,Average
Allied Health and Human Services Academy,Early Childhood,Playdoh tables,Average
IT and Business Services Academy,Culinary Arts,dish window ,Above Average
IT and Business Services Academy,Hospitality Management,drink dispenser,Below Average
N/A,First Floor Elevator,outside,Above Average
Allied Health and Human Services Academy,Cosmetology,countertop,Above Average
Coughlin Construction Academy,Plumbing,scaffolding,Above Average
Alden Academy,Auto Technology,car 3 to the right ,Above Average
Alden Academy,Welding,steel,Below Average
N/A,Railing,blue part ,Average
Coughlin Construction Academy,Electrical,table top workbench,Above Average
Coughlin Construction Academy,Painting & Design,ruler ,Below Average
Allied Health and Human Services Academy,Allied Health,head lab #2,Below Average
Allied Health and Human Services Academy,Veterinary Assisting,water bowl,Above Average
N/A,Cafeteria,before cleanup,Average
Allied Health and Human Services Academy,Early Childhood,N/A,Below Average
N/A,Cafeteria,Table,Below Average
Allied Health and Human Services Academy,Environmental Tech,Fish Tank,Above Average
IT and Business Services Academy,Culinary Arts,Counter,Average
IT and Business Services Academy,Hospitality Management,Cup,Average
Allied Health and Human Services Academy,Cosmetology,N/A,Below Average
Coughlin Construction Academy,Plumbing,N/A,Average
Alden Academy,Auto Technology,N/A,Average
Alden Academy,Welding,N/A,Below Average
Coughlin Construction Academy,Electrical,Pipe Bender,Average
Coughlin Construction Academy,Painting & Design,N/A,Spore Colonies
Alden Academy,Hvac/R,Handle,Below Average
Alden Academy,Robotics & Automation Technology,N/A,Below Average
IT and Business Services Academy,Information Support Services & Networking,N/A,Below Average
Allied Health and Human Services Academy,Allied Health,N/A,Average
N/A,Railing,N/A,Average
Allied Health and Human Services Academy,Early Childhood,N/A,Average
N/A,Front Door,N/A,Below Average
N/A,Stage,N/A,Above Average
N/A,Water Fountain,N/A,Below Average
N/A,Railing,N/A,Average
Alden Academy,Auto Technology,Tire,Above Average
Coughlin Construction Academy,Painting & Design,Sink,Above Average
N/A,Gym,Bleachers,Average
N/A,Water Fountain,N/A,Average
N/A,Gym,Excercise mat,Average
N/A,Locker,N/A,Below Average
Allied Health and Human Services Academy,Environmental Tech,Table,Average
N/A,Cafeteria,Table,Average
IT and Business Services Academy,Hospitality Management,Bistro door handle,Below Average
N/A,Lobby,Piano,Average
Allied Health and Human Services Academy,Cosmetology,Countertop,Below Average
Coughlin Construction Academy,Plumbing,Floor,Above Average
Coughlin Construction Academy,Carpentry,Handsaw,Above Average
Alden Academy,Auto Collision,Tape measure,Below Average
Alden Academy,Auto Technology,Pipe tool,Average
Alden Academy,Welding,Bench,Above Average
Coughlin Construction Academy,Hvac/R,Squeeze tool,Below Average
Alden Academy,Robotics & Automation Technology,Pipe,Average
Allied Health and Human Services Academy,Allied Health,Stethoscope,Below Average
IT and Business Services Academy,Programming & Web Development,Keyboard,Below Average
Allied Health and Human Services Academy,Veterinary Assisting,Dog bowl,Below Average
Allied Health and Human Services Academy,Veterinary Assisting,Grooming table,Above Average
N/A,Railing,N/A,Above Average
N/A,Cafeteria,pin pad in Cafe,Average
IT and Business Services Academy,Culinary Arts,culinary cleaning rag,Spore Colonies
IT and Business Services Academy,Environmental Tech,aquarium lid,Above Average
Allied Health and Human Services Academy,Cosmetology,cosmo sink,Average
Coughlin Construction Academy,Plumbing,pipe material,Above Average
Alden Academy,Auto Technology,rim,Above Average
N/A,Railing,c/d railing,Above Average
Coughlin Construction Academy,Welding,top of welding machine,Spore Colonies
Alden Academy,Painting & Design,sink,Average
Coughlin Construction Academy,Hvac/R,pliers,Below Average
Coughlin Construction Academy,Robotics & Automation Technology,game button,Average
Allied Health and Human Services Academy,Allied Health,Pulse oxymeter,Above Average
Allied Health and Human Services Academy,Veterinary Assisting,dogs paw,Above Average
Allied Health and Human Services Academy,Early Childhood,chair,Average
IT and Business Services Academy,Hospitality Management,Pin Pad in Cafe,Spore Colonies
IT and Business Services Academy,Culinary Arts,Culinary Wash Sink,Below Average
IT and Business Services Academy,Hospitality Management,Hospitality glass cup,Below Average
N/A,Lobby,Piano,Below Average
Allied Health and Human Services Academy,Cosmetology,Cosmetology Sink,Average
Coughlin Construction Academy,Plumbing,Plumbing Label,Above Average
Coughlin Construction Academy,Carpentry,Carpentry Saw Hang,Below Average
Alden Academy,Auto Technology,Auto Tech Work Tables,Spore Colonies
Alden Academy,Welding,Welding Vent Tube,Above Average
Coughlin Construction Academy,Hvac/R,HVAC Water from Pipe,Average
N/A,Railing,Railing B-C,Below Average
Allied Health and Human Services Academy,Allied Health,Allied Health Basen,Average
IT and Business Services Academy,Graphic Communication,T-Shirt maker,Below Average
Allied Health and Human Services Academy,Veterinary Assisting,Vet Tech water Bowl,Below Average
Allied Health and Human Services Academy,Environmental Tech,Environmental,Spore Colonies